{"person": {"KNOWN_DISTANCE": 22.83464567, "KNOWN_WIDTH": 17.71653543}, "cup": {"KNOWN_DISTANCE": 11.81102362, "KNOWN_WIDTH": 3.543307087}, "bottle": {"KNOWN_DISTANCE": 15.7480315, "KNOWN_WIDTH": 2.559055118}, "cell phone": {"KNOWN_DISTANCE": 13.77952756, "KNOWN_WIDTH": 2.755905512}}